<?xml version="1.0"?>
<EventToDBTableMappings>
    <TableMapping>
		<EventCode>ibmcartPurchase</EventCode>
		<Table>UBX_IBMCARTPURCHASE</Table>
		<Column>
			<Name>Provider</Name>
			<EventField>provider</EventField>
		</Column>
		<Column>
			<Name>EndpointSource</Name>
			<EventField>source</EventField>
		</Column>
		<Column>
			<Name>Channel</Name>
			<EventField>channel</EventField>
		</Column>
		<Column>
			<Name>X1ID</Name>
			<EventField>x1id</EventField>
		</Column>
		<Column>
			<Name>Email</Name>
			<EventField>identifier_email</EventField>
		</Column>
		<Column>
			<Name>Cookie</Name>
			<EventField>identifier_cookieid</EventField>
		</Column>
		<Column>
			<Name>EventCode</Name>
			<EventField>event_code</EventField>
		</Column>
		<Column>
			<Name>EventTimeStamp</Name>
			<EventField>event_timestamp</EventField>
		</Column>
		<Column>
			<Name>EventNameSpace</Name>
			<EventField>event_namespace</EventField>
		</Column>
		<Column>
			<Name>EventVersion</Name>
			<EventField>event_version</EventField>
		</Column>
		<Column>
			<Name>EventName</Name>
			<EventField>event_name</EventField>
		</Column>
		<Column>
			<Name>Description</Name>
			<EventField>event_description</EventField>
		</Column>
		<Column>
			<Name>OrderID</Name>
			<EventField>event_attribute_orderid</EventField>
		</Column>
		<Column>
			<Name>InteractionID</Name>
			<EventField>event_attribute_interactionid</EventField>
		</Column>
		<Column>
			<Name>OrderSubTotal</Name>
			<EventField>event_attribute_ordersubtotal</EventField>
			<EventFieldType>number</EventFieldType>
		</Column>
		<Column>
			<Name>OrderShipping</Name>
			<EventField>event_attribute_ordershipping</EventField>
			<EventFieldType>number</EventFieldType>
		</Column>
		<Column>
			<Name>OrderDiscount</Name>
			<EventField>event_attribute_orderdiscount</EventField>
			<EventFieldType>number</EventFieldType>
		</Column>
		<Column>
			<Name>OrderPromo</Name>
			<EventField>event_attribute_orderpromo</EventField>
			<EventFieldType>number</EventFieldType>
		</Column>
		<Column>
			<Name>OrderTax</Name>
			<EventField>event_attribute_ordetax</EventField>
			<EventFieldType>number</EventFieldType>
		</Column>
		<Column>
			<Name>OrderTotal</Name>
			<EventField>event_attribute_ordetotal</EventField>
			<EventFieldType>number</EventFieldType>
		</Column>
		<Column>
			<Name>Currency</Name>
			<EventField>event_attribute_currency</EventField>
		</Column>
		<Column>
			<Name>ShippingType</Name>
			<EventField>event_attribute_shippingtype</EventField>
		</Column>
		<Column>
			<Name>Quantity</Name>
			<EventField>event_attribute_quantity</EventField>
			<EventFieldType>number</EventFieldType>
		</Column>
		<Column>
			<Name>ProductList</Name>
			<EventField>event_attribute_productlist</EventField>
		</Column>
    </TableMapping>
	
    <TableMapping>
		<EventCode>ibmcartPurchaseItem</EventCode>
		<Table>UBX_IBMCARTPURCHASEITEM</Table>
		<Column>
			<Name>Provider</Name>
			<EventField>provider</EventField>
		</Column>
		<Column>
			<Name>EndpointSource</Name>
			<EventField>source</EventField>
		</Column>
		<Column>
			<Name>Channel</Name>
			<EventField>channel</EventField>
		</Column>
		<Column>
			<Name>X1ID</Name>
			<EventField>x1id</EventField>
		</Column>
		<Column>
			<Name>Email</Name>
			<EventField>identifier_email</EventField>
		</Column>
		<Column>
			<Name>Cookie</Name>
			<EventField>identifier_cookieid</EventField>
		</Column>
		<Column>
			<Name>EventCode</Name>
			<EventField>event_code</EventField>
		</Column>
		<Column>
			<Name>EventTimeStamp</Name>
			<EventField>event_timestamp</EventField>
		</Column>
		<Column>
			<Name>EventNameSpace</Name>
			<EventField>event_namespace</EventField>
		</Column>
		<Column>
			<Name>EventVersion</Name>
			<EventField>event_version</EventField>
		</Column>
		<Column>
			<Name>EventName</Name>
			<EventField>event_name</EventField>
		</Column>
		<Column>
			<Name>Description</Name>
			<EventField>event_description</EventField>
		</Column>

		<Column>
			<Name>OrderID</Name>
			<EventField>event_attribute_orderid</EventField>
		</Column>
		<Column>
			<Name>InteractionID</Name>
			<EventField>event_attribute_interactionid</EventField>
		</Column>
		<Column>
			<Name>BasePrice</Name>
			<EventField>event_attribute_baseprice</EventField>
			<EventFieldType>number</EventFieldType>
		</Column>
		<Column>
			<Name>OfferCode</Name>
			<EventField>event_attribute_offercode</EventField>
		</Column>
		<Column>
			<Name>OfferDiscount</Name>
			<EventField>event_attribute_offerdiscount</EventField>
			<EventFieldType>number</EventFieldType>
		</Column>
		<Column>
			<Name>Currency</Name>
			<EventField>event_attribute_currency</EventField>
		</Column>
		<Column>
			<Name>CartTotal</Name>
			<EventField>event_attribute_carttotal</EventField>
			<EventFieldType>number</EventFieldType>
		</Column>
		<Column>
			<Name>Quantity</Name>
			<EventField>event_attribute_quantity</EventField>
			<EventFieldType>number</EventFieldType>
		</Column>
		<Column>
			<Name>ProductID</Name>
			<EventField>event_attribute_productid</EventField>
		</Column>
		<Column>
			<Name>ProductName</Name>
			<EventField>event_attribute_productname</EventField>
		</Column>
		<Column>
			<Name>ProductDescription</Name>
			<EventField>event_attribute_description</EventField>
		</Column>
		<Column>
			<Name>ProductURL</Name>
			<EventField>event_attribute_producturl</EventField>
		</Column>
		<Column>
			<Name>ImageURL</Name>
			<EventField>event_attribute_imageurl</EventField>
		</Column>
		<Column>
			<Name>Color</Name>
			<EventField>event_attribute_color</EventField>
		</Column>
		<Column>
			<Name>ProductSize</Name>
			<EventField>event_attribute_size</EventField>
		</Column>
		<Column>
			<Name>Category</Name>
			<EventField>event_attribute_category</EventField>
		</Column>
    </TableMapping>	

	<TableMapping>
		<EventCode>ibmcartAbandonment</EventCode>
		<Table>UBX_IBMCARTABANDONMENT</Table>
		<Column>
			<Name>Provider</Name>
			<EventField>provider</EventField>
		</Column>
		<Column>
			<Name>EndpointSource</Name>
			<EventField>source</EventField>
		</Column>
		<Column>
			<Name>Channel</Name>
			<EventField>channel</EventField>
		</Column>
		<Column>
			<Name>X1ID</Name>
			<EventField>x1id</EventField>
		</Column>
		<Column>
			<Name>Email</Name>
			<EventField>identifier_email</EventField>
		</Column>
		<Column>
			<Name>Cookie</Name>
			<EventField>identifier_cookieid</EventField>
		</Column>
		<Column>
			<Name>EventCode</Name>
			<EventField>event_code</EventField>
		</Column>
		<Column>
			<Name>EventTimeStamp</Name>
			<EventField>event_timestamp</EventField>
		</Column>
		<Column>
			<Name>EventNameSpace</Name>
			<EventField>event_namespace</EventField>
		</Column>
		<Column>
			<Name>EventVersion</Name>
			<EventField>event_version</EventField>
		</Column>
		<Column>
			<Name>EventName</Name>
			<EventField>event_name</EventField>
		</Column>
		<Column>
			<Name>Description</Name>
			<EventField>event_description</EventField>
		</Column>
		<Column>
			<Name>OrderID</Name>
			<EventField>event_attribute_orderid</EventField>
		</Column>
		<Column>
			<Name>InteractionID</Name>
			<EventField>event_attribute_interactionid</EventField>
		</Column>
		<Column>
			<Name>OrderSubTotal</Name>
			<EventField>event_attribute_ordersubtotal</EventField>
			<EventFieldType>number</EventFieldType>
		</Column>
		<Column>
			<Name>OrderShipping</Name>
			<EventField>event_attribute_ordershipping</EventField>
			<EventFieldType>number</EventFieldType>
		</Column>
		<Column>
			<Name>OrderDiscount</Name>
			<EventField>event_attribute_orderdiscount</EventField>
			<EventFieldType>number</EventFieldType>
		</Column>
		<Column>
			<Name>OrderPromo</Name>
			<EventField>event_attribute_orderpromo</EventField>
			<EventFieldType>number</EventFieldType>
		</Column>
		<Column>
			<Name>OrderTax</Name>
			<EventField>event_attribute_ordertax</EventField>
			<EventFieldType>number</EventFieldType>
		</Column>
		<Column>
			<Name>OrderTotal</Name>
			<EventField>event_attribute_ordertotal</EventField>
			<EventFieldType>number</EventFieldType>
		</Column>
		<Column>
			<Name>Currency</Name>
			<EventField>event_attribute_currency</EventField>
		</Column>
		<Column>
			<Name>ShippingType</Name>
			<EventField>event_attribute_shippingtype</EventField>
		</Column>
		<Column>
			<Name>Quantity</Name>
			<EventField>event_attribute_quantity</EventField>
			<EventFieldType>number</EventFieldType>
		</Column>
		<Column>
			<Name>ProductList</Name>
			<EventField>event_attribute_productlist</EventField>
		</Column>
    </TableMapping>
	
    <TableMapping>
		<EventCode>ibmcartAbandonmentItem</EventCode>
		<Table>UBX_IBMCARTABANDONMENTITEM</Table>
		<Column>
			<Name>Provider</Name>
			<EventField>provider</EventField>
		</Column>
		<Column>
			<Name>EndpointSource</Name>
			<EventField>source</EventField>
		</Column>
		<Column>
			<Name>Channel</Name>
			<EventField>channel</EventField>
		</Column>
		<Column>
			<Name>X1ID</Name>
			<EventField>x1id</EventField>
		</Column>
		<Column>
			<Name>Email</Name>
			<EventField>identifier_email</EventField>
		</Column>
		<Column>
			<Name>Cookie</Name>
			<EventField>identifier_cookieid</EventField>
		</Column>
		<Column>
			<Name>EventCode</Name>
			<EventField>event_code</EventField>
		</Column>
		<Column>
			<Name>EventTimeStamp</Name>
			<EventField>event_timestamp</EventField>
		</Column>
		<Column>
			<Name>EventNameSpace</Name>
			<EventField>event_namespace</EventField>
		</Column>
		<Column>
			<Name>EventVersion</Name>
			<EventField>event_version</EventField>
		</Column>
		<Column>
			<Name>EventName</Name>
			<EventField>event_name</EventField>
		</Column>
		<Column>
			<Name>Description</Name>
			<EventField>event_description</EventField>
		</Column>
		<Column>
			<Name>OrderID</Name>
			<EventField>event_attribute_orderid</EventField>
		</Column>
		<Column>
			<Name>InteractionID</Name>
			<EventField>event_attribute_interactionid</EventField>
		</Column>
		<Column>
			<Name>BasePrice</Name>
			<EventField>event_attribute_baseprice</EventField>
			<EventFieldType>number</EventFieldType>
		</Column>
		<Column>
			<Name>OfferCode</Name>
			<EventField>event_attribute_offercode</EventField>
		</Column>
		<Column>
			<Name>OfferDiscount</Name>
			<EventField>event_attribute_offerdiscount</EventField>
			<EventFieldType>number</EventFieldType>
		</Column>
		<Column>
			<Name>Currency</Name>
			<EventField>event_attribute_currency</EventField>
		</Column>
		<Column>
			<Name>CartTotal</Name>
			<EventField>event_attribute_carttotal</EventField>
			<EventFieldType>number</EventFieldType>
		</Column>
		<Column>
			<Name>Quantity</Name>
			<EventField>event_attribute_quantity</EventField>
			<EventFieldType>number</EventFieldType>
		</Column>
		<Column>
			<Name>ProductID</Name>
			<EventField>event_attribute_productid</EventField>
		</Column>
		<Column>
			<Name>ProductName</Name>
			<EventField>event_attribute_productname</EventField>
		</Column>
		<Column>
			<Name>ProductDescription</Name>
			<EventField>event_attribute_description</EventField>
		</Column>
		<Column>
			<Name>ProductURL</Name>
			<EventField>event_attribute_producturl</EventField>
		</Column>
		<Column>
			<Name>ImageURL</Name>
			<EventField>event_attribute_imageurl</EventField>
		</Column>
		<Column>
			<Name>Color</Name>
			<EventField>event_attribute_color</EventField>
		</Column>
		<Column>
			<Name>ProductSize</Name>
			<EventField>event_attribute_size</EventField>
		</Column>
		<Column>
			<Name>Category</Name>
			<EventField>event_attribute_category</EventField>
		</Column>
    </TableMapping>	
	
    <TableMapping>
		<EventCode>ibmconversion</EventCode>
		<Table>UBX_IBMCONVERSION</Table>
		<Column>		
			<Name>Provider</Name>
			<EventField>provider</EventField>
		</Column>
		<Column>
			<Name>EndpointSource</Name>
			<EventField>source</EventField>
		</Column>
		<Column>
			<Name>Channel</Name>
			<EventField>channel</EventField>
		</Column>
		<Column>
			<Name>X1ID</Name>
			<EventField>x1id</EventField>
		</Column>
		<Column>
			<Name>Cookie</Name>
			<EventField>identifier_cookieid</EventField>
		</Column>
		<Column>
			<Name>Email</Name>
			<EventField>identifier_email</EventField>
		</Column>
		<Column>
			<Name>EventCode</Name>
			<EventField>event_code</EventField>
		</Column>
		<Column>
			<Name>EventTimeStamp</Name>
			<EventField>event_timestamp</EventField>
		</Column>
		<Column>
			<Name>EventNameSpace</Name>
			<EventField>event_namespace</EventField>
		</Column>
		<Column>
			<Name>EventVersion</Name>
			<EventField>event_version</EventField>
		</Column>
		<Column>
			<Name>EventName</Name>
			<EventField>event_name</EventField>
		</Column>
		<Column>
			<Name>Description</Name>
			<EventField>event_description</EventField>
		</Column>		
		<Column>
			<Name>EventID</Name>
			<EventField>event_attribute_eventid</EventField>
		</Column>
		<Column>
			<Name>InteractionID</Name>
			<EventField>event_attribute_interactionid</EventField>
		</Column>
		<Column>
			<Name>Points</Name>
			<EventField>event_attribute_points</EventField>
			<EventFieldType>number</EventFieldType>
		</Column>
		<Column>
			<Name>ActionType</Name>
			<EventField>event_attribute_actiontype</EventField>
		</Column>
		<Column>
			<Name>Category</Name>
			<EventField>event_attribute_category</EventField>
		</Column>		
    </TableMapping>

    <TableMapping>
		<EventCode>ibmabandonedConversion</EventCode>
		<Table>UBX_IBMABANDONEDCONVERSION</Table>
		<Column>		
			<Name>Provider</Name>
			<EventField>provider</EventField>
		</Column>
		<Column>
			<Name>EndpointSource</Name>
			<EventField>source</EventField>
		</Column>
		<Column>
			<Name>Channel</Name>
			<EventField>channel</EventField>
		</Column>
		<Column>
			<Name>X1ID</Name>
			<EventField>x1id</EventField>
		</Column>
		<Column>
			<Name>Cookie</Name>
			<EventField>identifier_cookieid</EventField>
		</Column>
		<Column>
			<Name>Email</Name>
			<EventField>identifier_email</EventField>
		</Column>
		<Column>
			<Name>EventCode</Name>
			<EventField>event_code</EventField>
		</Column>
		<Column>
			<Name>EventTimeStamp</Name>
			<EventField>event_timestamp</EventField>
		</Column>
		<Column>
			<Name>EventNameSpace</Name>
			<EventField>event_namespace</EventField>
		</Column>
		<Column>
			<Name>EventVersion</Name>
			<EventField>event_version</EventField>
		</Column>
		<Column>
			<Name>EventName</Name>
			<EventField>event_name</EventField>
		</Column>
		<Column>
			<Name>Description</Name>
			<EventField>event_description</EventField>
		</Column>		
		<Column>
			<Name>EventID</Name>
			<EventField>event_attribute_eventid</EventField>
		</Column>
		<Column>
			<Name>InteractionID</Name>
			<EventField>event_attribute_interactionid</EventField>
		</Column>
		<Column>
			<Name>Points</Name>
			<EventField>event_attribute_points</EventField>
			<EventFieldType>number</EventFieldType>
		</Column>
		<Column>
			<Name>ActionType</Name>
			<EventField>event_attribute_actiontype</EventField>
		</Column>
		<Column>
			<Name>Category</Name>
			<EventField>event_attribute_category</EventField>
		</Column>		
    </TableMapping>
	
	<TableMapping>
		<EventCode>ibmsearchedSite</EventCode>
		<Table>UBX_IBMSEARCHEDSITE</Table>
		<Column>		
			<Name>Provider</Name>
			<EventField>provider</EventField>
		</Column>
		<Column>
			<Name>EndpointSource</Name>
			<EventField>source</EventField>
		</Column>
		<Column>
			<Name>Channel</Name>
			<EventField>channel</EventField>
		</Column>
		<Column>
			<Name>X1ID</Name>
			<EventField>x1id</EventField>
		</Column>
		<Column>
			<Name>Cookie</Name>
			<EventField>identifier_cookieid</EventField>
		</Column>
		<Column>
			<Name>Email</Name>
			<EventField>identifier_email</EventField>
		</Column>
		<Column>
			<Name>EventCode</Name>
			<EventField>event_code</EventField>
		</Column>
		<Column>
			<Name>EventTimeStamp</Name>
			<EventField>event_timestamp</EventField>
		</Column>
		<Column>
			<Name>EventNameSpace</Name>
			<EventField>event_namespace</EventField>
		</Column>
		<Column>
			<Name>EventVersion</Name>
			<EventField>event_version</EventField>
		</Column>
		<Column>
			<Name>EventName</Name>
			<EventField>event_name</EventField>
		</Column>
		<Column>
			<Name>Description</Name>
			<EventField>event_description</EventField>
		</Column>		
		<Column>
			<Name>InteractionID</Name>
			<EventField>event_attribute_interactionid</EventField>
		</Column>	
		<Column>
			<Name>SearchType</Name>
			<EventField>event_attribute_searchtype</EventField>
		</Column>
		<Column>
			<Name>SearchTerms</Name>
			<EventField>event_attribute_searchterms</EventField>
		</Column>
		<Column>
			<Name>SiteName</Name>
			<EventField>event_attribute_sitename</EventField>			
		</Column>
		<Column>
			<Name>PageURL</Name>
			<EventField>event_attribute_pageurl</EventField>
		</Column>
	</TableMapping>
		
	<TableMapping>
		<EventCode>ibmproductView</EventCode>
		<Table>UBX_IBMPRODUCTVIEW</Table>
		<Column>
			<Name>Provider</Name>
			<EventField>provider</EventField>
		</Column>
		<Column>
			<Name>EndpointSource</Name>
			<EventField>source</EventField>
		</Column>
		<Column>
			<Name>Channel</Name>
			<EventField>channel</EventField>
		</Column>
		<Column>
			<Name>X1ID</Name>
			<EventField>x1id</EventField>
		</Column>
		<Column>
			<Name>Email</Name>
			<EventField>identifier_email</EventField>
		</Column>
		<Column>
			<Name>Cookie</Name>
			<EventField>identifier_cookieid</EventField>
		</Column>
		<Column>
			<Name>EventCode</Name>
			<EventField>event_code</EventField>
		</Column>
		<Column>
			<Name>EventTimeStamp</Name>
			<EventField>event_timestamp</EventField>
		</Column>
		<Column>
			<Name>EventNameSpace</Name>
			<EventField>event_namespace</EventField>
		</Column>
		<Column>
			<Name>EventVersion</Name>
			<EventField>event_version</EventField>
		</Column>
		<Column>
			<Name>EventName</Name>
			<EventField>event_name</EventField>
		</Column>
		<Column>
			<Name>Description</Name>
			<EventField>event_description</EventField>
		</Column>
		<Column>
			<Name>InteractionID</Name>
			<EventField>event_attribute_interactionid</EventField>
		</Column>
		<Column>
			<Name>ProductID</Name>
			<EventField>event_attribute_productid</EventField>
		</Column>
		<Column>
			<Name>ProductName</Name>
			<EventField>event_attribute_productname</EventField>
		</Column>
		<Column>
			<Name>ProductDescription</Name>
			<EventField>event_attribute_description</EventField>
		</Column>
		<Column>
			<Name>ProductURL</Name>
			<EventField>event_attribute_producturl</EventField>
		</Column>
		<Column>
			<Name>ImageURL</Name>
			<EventField>event_attribute_imageurl</EventField>
		</Column>
		<Column>
			<Name>Color</Name>
			<EventField>event_attribute_color</EventField>
		</Column>
		<Column>
			<Name>ProductSize</Name>
			<EventField>event_attribute_size</EventField>
		</Column>
		<Column>
			<Name>Category</Name>
			<EventField>event_attribute_category</EventField>
		</Column>
    </TableMapping>	

	<TableMapping>
		<EventCode>ibmvisitedSite</EventCode>
		<Table>UBX_IBMVISITEDSITE</Table>
		<Column>		
			<Name>Provider</Name>
			<EventField>provider</EventField>
		</Column>
		<Column>
			<Name>EndpointSource</Name>
			<EventField>source</EventField>
		</Column>
		<Column>
			<Name>Channel</Name>
			<EventField>channel</EventField>
		</Column>
		<Column>
			<Name>X1ID</Name>
			<EventField>x1id</EventField>
		</Column>
		<Column>
			<Name>Cookie</Name>
			<EventField>identifier_cookieid</EventField>
		</Column>
		<Column>
			<Name>Email</Name>
			<EventField>identifier_email</EventField>
		</Column>
		<Column>
			<Name>EventCode</Name>
			<EventField>event_code</EventField>
		</Column>
		<Column>
			<Name>EventTimeStamp</Name>
			<EventField>event_timestamp</EventField>
		</Column>
		<Column>
			<Name>EventNameSpace</Name>
			<EventField>event_namespace</EventField>
		</Column>
		<Column>
			<Name>EventVersion</Name>
			<EventField>event_version</EventField>
		</Column>
		<Column>
			<Name>EventName</Name>
			<EventField>event_name</EventField>
		</Column>
		<Column>
			<Name>Description</Name>
			<EventField>event_description</EventField>
		</Column>		
		<Column>
			<Name>InteractionID</Name>
			<EventField>event_attribute_interactionid</EventField>
		</Column>	
		<Column>
			<Name>LandingURL</Name>
			<EventField>event_attribute_landingurl</EventField>
		</Column>
		<Column>
			<Name>ReferralURL</Name>
			<EventField>event_attribute_referralurl</EventField>
		</Column>
		<Column>
			<Name>Duration</Name>
			<EventField>event_attribute_duration</EventField>
			<EventFieldType>number</EventFieldType>			
		</Column>
		<Column>
			<Name>CategoryList</Name>
			<EventField>event_attribute_categorylist</EventField>
		</Column>
	</TableMapping>
	
	<!-- Email Events -->
	<TableMapping>
	  <EventCode>emailSend</EventCode>
	  <Table>UBX_EMAILSEND</Table>
	  <Column>
	    <Name>Provider</Name>
	    <EventField>provider</EventField>
	  </Column>
	  <Column>
	    <Name>EndpointSource</Name>
	    <EventField>source</EventField>
	  </Column>
	  <Column>
	    <Name>Channel</Name>
	    <EventField>channel</EventField>
	  </Column>
	  <Column>
	    <Name>X1ID</Name>
	    <EventField>x1id</EventField>
	  </Column>
	  <Column>
	    <Name>EventCode</Name>
	    <EventField>event_code</EventField>
	  </Column>
	  <Column>
	    <Name>EventTimestamp</Name>
	    <EventField>event_timestamp</EventField>
	  </Column>
	  <Column>
	    <Name>EventNamespace</Name>
	    <EventField>event_namespace</EventField>
	  </Column>
	  <Column>
	    <Name>EventVersion</Name>
	    <EventField>event_version</EventField>
	  </Column>
	  <Column>
	    <Name>ContactId</Name>
	    <EventField>identifier_contactid</EventField>
	  </Column>
	  <Column>
	    <Name>Email</Name>
	    <EventField>identifier_email</EventField>
	  </Column>
	  <Column>
	    <Name>EventCode</Name>
	    <EventField>event_attribute_eventcode</EventField>
	  </Column>
	  <Column>
	    <Name>EventName</Name>
	    <EventField>event_attribute_eventname</EventField>
	  </Column>
	  <Column>
	    <Name>Description</Name>
	    <EventField>event_attribute_description</EventField>
	  </Column>
	  <Column>
	    <Name>MessageId</Name>
	    <EventField>event_attribute_messageid</EventField>
	  </Column>
	  <Column>
	    <Name>MailingTemplateId</Name>
	    <EventField>event_attribute_mailingtemplateid</EventField>
	  </Column>
	  <Column>
	    <Name>ReportId</Name>
	    <EventField>event_attribute_reportid</EventField>
	  </Column>
	  <Column>
	    <Name>SubjectLine</Name>
	    <EventField>event_attribute_subjectline</EventField>
	  </Column>
	  <Column>
	    <Name>MessageName</Name>
	    <EventField>event_attribute_messagename</EventField>
	  </Column>
	  <Column>
	    <Name>DocType</Name>
	    <EventField>event_attribute_doctype</EventField>
	  </Column>
	  <Column>
	    <Name>SendType</Name>
	    <EventField>event_attribute_sendtype</EventField>
	  </Column>
	  <Column>
	    <Name>EventId</Name>
	    <EventField>event_attribute_eventid</EventField>
	  </Column>
	</TableMapping>
	<TableMapping>
	  <EventCode>emailOpen</EventCode>
	  <Table>UBX_EMAILOPEN</Table>
	  <Column>
	    <Name>Provider</Name>
	    <EventField>provider</EventField>
	  </Column>
	  <Column>
	    <Name>EndpointSource</Name>
	    <EventField>source</EventField>
	  </Column>
	  <Column>
	    <Name>Channel</Name>
	    <EventField>channel</EventField>
	  </Column>
	  <Column>
	    <Name>X1ID</Name>
	    <EventField>x1id</EventField>
	  </Column>
	  <Column>
	    <Name>EventCode</Name>
	    <EventField>event_code</EventField>
	  </Column>
	  <Column>
	    <Name>EventTimestamp</Name>
	    <EventField>event_timestamp</EventField>
	  </Column>
	  <Column>
	    <Name>EventNamespace</Name>
	    <EventField>event_namespace</EventField>
	  </Column>
	  <Column>
	    <Name>EventVersion</Name>
	    <EventField>event_version</EventField>
	  </Column>
	  <Column>
	    <Name>ContactId</Name>
	    <EventField>identifier_contactid</EventField>
	  </Column>
	  <Column>
	    <Name>Email</Name>
	    <EventField>identifier_email</EventField>
	  </Column>
	  <Column>
	    <Name>EventCode</Name>
	    <EventField>event_attribute_eventcode</EventField>
	  </Column>
	  <Column>
	    <Name>EventName</Name>
	    <EventField>event_attribute_eventname</EventField>
	  </Column>
	  <Column>
	    <Name>Description</Name>
	    <EventField>event_attribute_description</EventField>
	  </Column>
	  <Column>
	    <Name>MessageId</Name>
	    <EventField>event_attribute_messageid</EventField>
	  </Column>
	  <Column>
	    <Name>MailingTemplateId</Name>
	    <EventField>event_attribute_mailingtemplateid</EventField>
	  </Column>
	  <Column>
	    <Name>ReportId</Name>
	    <EventField>event_attribute_reportid</EventField>
	  </Column>
	  <Column>
	    <Name>SubjectLine</Name>
	    <EventField>event_attribute_subjectline</EventField>
	  </Column>
	  <Column>
	    <Name>MessageName</Name>
	    <EventField>event_attribute_messagename</EventField>
	  </Column>
	  <Column>
	    <Name>DocType</Name>
	    <EventField>event_attribute_doctype</EventField>
	  </Column>
	  <Column>
	    <Name>EventId</Name>
	    <EventField>event_attribute_eventid</EventField>
	  </Column>
	</TableMapping>
	
	<TableMapping>
	  <EventCode>emailClick</EventCode>
	  <Table>UBX_EMAILCLICK</Table>
	  <Column>
	    <Name>Provider</Name>
	    <EventField>provider</EventField>
	  </Column>
	  <Column>
	    <Name>EndpointSource</Name>
	    <EventField>source</EventField>
	  </Column>
	  <Column>
	    <Name>Channel</Name>
	    <EventField>channel</EventField>
	  </Column>
	  <Column>
	    <Name>X1ID</Name>
	    <EventField>x1id</EventField>
	  </Column>
	  <Column>
	    <Name>EventCode</Name>
	    <EventField>event_code</EventField>
	  </Column>
	  <Column>
	    <Name>EventTimestamp</Name>
	    <EventField>event_timestamp</EventField>
	  </Column>
	  <Column>
	    <Name>EventNamespace</Name>
	    <EventField>event_namespace</EventField>
	  </Column>
	  <Column>
	    <Name>EventVersion</Name>
	    <EventField>event_version</EventField>
	  </Column>
	  <Column>
	    <Name>ContactId</Name>
	    <EventField>identifier_contactid</EventField>
	  </Column>
	  <Column>
	    <Name>Email</Name>
	    <EventField>identifier_email</EventField>
	  </Column>
	  <Column>
	    <Name>EventCode</Name>
	    <EventField>event_attribute_eventcode</EventField>
	  </Column>
	  <Column>
	    <Name>EventName</Name>
	    <EventField>event_attribute_eventname</EventField>
	  </Column>
	  <Column>
	    <Name>Description</Name>
	    <EventField>event_attribute_description</EventField>
	  </Column>
	  <Column>
	    <Name>MessageId</Name>
	    <EventField>event_attribute_messageid</EventField>
	  </Column>
	  <Column>
	    <Name>MailingTemplateId</Name>
	    <EventField>event_attribute_mailingtemplateid</EventField>
	  </Column>
	  <Column>
	    <Name>ReportId</Name>
	    <EventField>event_attribute_reportid</EventField>
	  </Column>
	  <Column>
	    <Name>SubjectLine</Name>
	    <EventField>event_attribute_subjectline</EventField>
	  </Column>
	  <Column>
	    <Name>MessageName</Name>
	    <EventField>event_attribute_messagename</EventField>
	  </Column>
	  <Column>
	    <Name>DocType</Name>
	    <EventField>event_attribute_doctype</EventField>
	  </Column>
	  <Column>
	    <Name>UrlDescription</Name>
	    <EventField>event_attribute_urldescription</EventField>
	  </Column>
	  <Column>
	    <Name>ClickUrl</Name>
	    <EventField>event_attribute_clickurl</EventField>
	  </Column>
	  <Column>
	    <Name>EventId</Name>
	    <EventField>event_attribute_eventid</EventField>
	  </Column>	
	</TableMapping>
	<TableMapping>
	  <EventCode>emailBounce</EventCode>
	  <Table>UBX_EMAILBOUNCE</Table>
	  <Column>
	    <Name>Provider</Name>
	    <EventField>provider</EventField>
	  </Column>
	  <Column>
	    <Name>EndpointSource</Name>
	    <EventField>source</EventField>
	  </Column>
	  <Column>
	    <Name>Channel</Name>
	    <EventField>channel</EventField>
	  </Column>
	  <Column>
	    <Name>X1ID</Name>
	    <EventField>x1id</EventField>
	  </Column>
	  <Column>
	    <Name>EventCode</Name>
	    <EventField>event_code</EventField>
	  </Column>
	  <Column>
	    <Name>EventTimestamp</Name>
	    <EventField>event_timestamp</EventField>
	  </Column>
	  <Column>
	    <Name>EventNamespace</Name>
	    <EventField>event_namespace</EventField>
	  </Column>
	  <Column>
	    <Name>EventVersion</Name>
	    <EventField>event_version</EventField>
	  </Column>
	  <Column>
	    <Name>ContactId</Name>
	    <EventField>identifier_contactid</EventField>
	  </Column>
	  <Column>
	    <Name>Email</Name>
	    <EventField>identifier_email</EventField>
	  </Column>
	  <Column>
	    <Name>EventCode</Name>
	    <EventField>event_attribute_eventcode</EventField>
	  </Column>
	  <Column>
	    <Name>EventName</Name>
	    <EventField>event_attribute_eventname</EventField>
	  </Column>
	  <Column>
	    <Name>Description</Name>
	    <EventField>event_attribute_description</EventField>
	  </Column>
	  <Column>
	    <Name>MessageId</Name>
	    <EventField>event_attribute_messageid</EventField>
	  </Column>
	  <Column>
	    <Name>MailingTemplateId</Name>
	    <EventField>event_attribute_mailingtemplateid</EventField>
	  </Column>
	  <Column>
	    <Name>ReportId</Name>
	    <EventField>event_attribute_reportid</EventField>
	  </Column>
	  <Column>
	    <Name>SubjectLine</Name>
	    <EventField>event_attribute_subjectline</EventField>
	  </Column>
	  <Column>
	    <Name>MessageName</Name>
	    <EventField>event_attribute_messagename</EventField>
	  </Column>
	  <Column>
	    <Name>DocType</Name>
	    <EventField>event_attribute_doctype</EventField>
	  </Column>
	  <Column>
	    <Name>BounceType</Name>
	    <EventField>event_attribute_bouncetype</EventField>
	  </Column>
	  <Column>
	    <Name>EventId</Name>
	    <EventField>event_attribute_eventid</EventField>
	  </Column>
	</TableMapping>
	
	<!-- SMS Events -->	
	<TableMapping>
	    <EventCode>sentSMS</EventCode>
	    <Table>UBX_SENTSMS</Table>
	    <Column>
	      <Name>Provider</Name>
	      <EventField>provider</EventField>
	    </Column>
	    <Column>
	      <Name>EndpointSource</Name>
	      <EventField>source</EventField>
	    </Column>
	    <Column>
	      <Name>Channel</Name>
	      <EventField>channel</EventField>
	    </Column>
	    <Column>
	      <Name>X1ID</Name>
	      <EventField>x1id</EventField>
	    </Column>
	    <Column>
	      <Name>EventCode</Name>
	      <EventField>event_code</EventField>
	    </Column>
	    <Column>
	      <Name>EventTimestamp</Name>
	      <EventField>event_timestamp</EventField>
	    </Column>
	    <Column>
	      <Name>EventNamespace</Name>
	      <EventField>event_namespace</EventField>
	    </Column>
	    <Column>
	      <Name>EventVersion</Name>
	      <EventField>event_version</EventField>
	    </Column>
	    <Column>
	      <Name>ContactId</Name>
	      <EventField>identifier_contactid</EventField>
	    </Column>
	    <Column>
	      <Name>MobileNumber</Name>
	      <EventField>identifier_mobilenumber</EventField>
	    </Column>
	    <Column>
	      <Name>EventName</Name>
	      <EventField>event_attribute_eventname</EventField>
	    </Column>
	    <Column>
	      <Name>DeliveryStatus</Name>
	      <EventField>event_attribute_deliverystatus</EventField>
	    </Column>
	    <Column>
	      <Name>ProgramType</Name>
	      <EventField>event_attribute_programtype</EventField>
	    </Column>
	    <Column>
	      <Name>LocationCountry</Name>
	      <EventField>event_attribute_locationcountry</EventField>
	    </Column>
	    <Column>
	      <Name>Code</Name>
	      <EventField>event_attribute_code</EventField>
	    </Column>
	    <Column>
	      <Name>MessageType</Name>
	      <EventField>event_attribute_messagetype</EventField>
	    </Column>
	    <Column>
	      <Name>MailingTemplateId</Name>
	      <EventField>event_attribute_mailingtemplateid</EventField>
	    </Column>
	    <Column>
	      <Name>ExternalSystemReferenceId</Name>
	      <EventField>event_attribute_externalsystemreferenceid</EventField>
	    </Column>
	    <Column>
	      <Name>Source</Name>
	      <EventField>event_attribute_source</EventField>
	    </Column>
	    <Column>
	      <Name>ProgramId</Name>
	      <EventField>event_attribute_programid</EventField>
	    </Column>
	    <Column>
	      <Name>CampaignName</Name>
	      <EventField>event_attribute_campaignname</EventField>
	    </Column>
	    <Column>
	      <Name>ProgramName</Name>
	      <EventField>event_attribute_programname</EventField>
	    </Column>
	    <Column>
	      <Name>MessageBody</Name>
	      <EventField>event_attribute_messagebody</EventField>
	    </Column>
	    <Column>
	      <Name>EventId</Name>
	      <EventField>event_attribute_eventid</EventField>
	    </Column>
	</TableMapping>
	<TableMapping>
	    <EventCode>interactedSMS</EventCode>
	    <Table>UBX_INTERACTEDSMS</Table>
	    <Column>
	      <Name>Provider</Name>
	      <EventField>provider</EventField>
	    </Column>
	    <Column>
	      <Name>EndpointSource</Name>
	      <EventField>source</EventField>
	    </Column>
	    <Column>
	      <Name>Channel</Name>
	      <EventField>channel</EventField>
	    </Column>
	    <Column>
	      <Name>X1ID</Name>
	      <EventField>x1id</EventField>
	    </Column>
	    <Column>
	      <Name>EventCode</Name>
	      <EventField>event_code</EventField>
	    </Column>
	    <Column>
	      <Name>EventTimestamp</Name>
	      <EventField>event_timestamp</EventField>
	    </Column>
	    <Column>
	      <Name>EventNamespace</Name>
	      <EventField>event_namespace</EventField>
	    </Column>
	    <Column>
	      <Name>EventVersion</Name>
	      <EventField>event_version</EventField>
	    </Column>
	    <Column>
	      <Name>ContactId</Name>
	      <EventField>identifier_contactid</EventField>
	    </Column>
	    <Column>
	      <Name>MobileNumber</Name>
	      <EventField>identifier_mobilenumber</EventField>
	    </Column>
	    <Column>
	      <Name>EventName</Name>
	      <EventField>event_attribute_eventname</EventField>
	    </Column>
	    <Column>
	      <Name>CampaignName</Name>
	      <EventField>event_attribute_campaignname</EventField>
	    </Column>
	    <Column>
	      <Name>ProgramName</Name>
	      <EventField>event_attribute_programname</EventField>
	    </Column>
	    <Column>
	      <Name>ProgramType</Name>
	      <EventField>event_attribute_programtype</EventField>
	    </Column>
	    <Column>
	      <Name>SetConsent</Name>
	      <EventField>event_attribute_setconsent</EventField>
	    </Column>
	    <Column>
	      <Name>Source</Name>
	      <EventField>event_attribute_source</EventField>
	    </Column>	    
	    <Column>
	      <Name>EventId</Name>
	      <EventField>event_attribute_eventid</EventField>
	    </Column>
	</TableMapping>
	<!-- Push events -->
	<TableMapping>
		<EventCode>application/appInstalled</EventCode>
		<Table>UBX_APP_INSTALLED</Table>
		<Column>
		  <Name>Provider</Name>
		  <EventField>provider</EventField>
		</Column>
		<Column>
		  <Name>EndpointSource</Name>
		  <EventField>source</EventField>
		</Column>
		<Column>
		  <Name>Channel</Name>
		  <EventField>channel</EventField>
		</Column>
		<Column>
		  <Name>X1ID</Name>
		  <EventField>x1id</EventField>
		</Column>
		<Column>
		  <Name>EventCode</Name>
		  <EventField>event_code</EventField>
		</Column>
		<Column>
		  <Name>EventTimestamp</Name>
		  <EventField>event_timestamp</EventField>
		</Column>
		<Column>
		  <Name>EventNamespace</Name>
		  <EventField>event_namespace</EventField>
		</Column>
		<Column>
		  <Name>EventVersion</Name>
		  <EventField>event_version</EventField>
		</Column>
		<Column>
		  <Name>UserId</Name>
		  <EventField>identifier_userid</EventField>
		</Column>
		<Column>
		  <Name>AppKey</Name>
		  <EventField>event_attribute_appkey</EventField>
		</Column>
		<Column>
		  <Name>ChannelId</Name>
		  <EventField>event_attribute_channelid</EventField>
		</Column>
		<Column>
		  <Name>Url</Name>
		  <EventField>event_attribute_url</EventField>
		</Column>
		<Column>
		  <Name>Attribution</Name>
		  <EventField>event_attribute_attribution</EventField>
		</Column>
	</TableMapping>	
	<TableMapping>
		<EventCode>application/appUninstalled</EventCode>
		<Table>UBX_APP_UNINSTALLED</Table>
		<Column>
		  <Name>Provider</Name>
		  <EventField>provider</EventField>
		</Column>
		<Column>
		  <Name>EndpointSource</Name>
		  <EventField>source</EventField>
		</Column>
		<Column>
		  <Name>Channel</Name>
		  <EventField>channel</EventField>
		</Column>
		<Column>
		  <Name>X1ID</Name>
		  <EventField>x1id</EventField>
		</Column>
		<Column>
		  <Name>EventCode</Name>
		  <EventField>event_code</EventField>
		</Column>
		<Column>
		  <Name>EventTimestamp</Name>
		  <EventField>event_timestamp</EventField>
		</Column>
		<Column>
		  <Name>EventNamespace</Name>
		  <EventField>event_namespace</EventField>
		</Column>
		<Column>
		  <Name>EventVersion</Name>
		  <EventField>event_version</EventField>
		</Column>
		<Column>
		  <Name>UserId</Name>
		  <EventField>identifier_userid</EventField>
		</Column>
		<Column>
		  <Name>AppKey</Name>
		  <EventField>event_attribute_appkey</EventField>
		</Column>
		<Column>
		  <Name>ChannelId</Name>
		  <EventField>event_attribute_channelid</EventField>
		</Column>
		<Column>
		  <Name>Url</Name>
		  <EventField>event_attribute_url</EventField>
		</Column>
		<Column>
		  <Name>Attribution</Name>
		  <EventField>event_attribute_attribution</EventField>
		</Column>
	</TableMapping>	
	<TableMapping>
		<EventCode>application/sessionStarted</EventCode>
		<Table>UBX_APP_SESSIONSTARTED</Table>
		<Column>
		  <Name>Provider</Name>
		  <EventField>provider</EventField>
		</Column>
		<Column>
		  <Name>EndpointSource</Name>
		  <EventField>source</EventField>
		</Column>
		<Column>
		  <Name>Channel</Name>
		  <EventField>channel</EventField>
		</Column>
		<Column>
		  <Name>X1ID</Name>
		  <EventField>x1id</EventField>
		</Column>
		<Column>
		  <Name>EventCode</Name>
		  <EventField>event_code</EventField>
		</Column>
		<Column>
		  <Name>EventTimestamp</Name>
		  <EventField>event_timestamp</EventField>
		</Column>
		<Column>
		  <Name>EventNamespace</Name>
		  <EventField>event_namespace</EventField>
		</Column>
		<Column>
		  <Name>EventVersion</Name>
		  <EventField>event_version</EventField>
		</Column>
		<Column>
		  <Name>UserId</Name>
		  <EventField>identifier_userid</EventField>
		</Column>
		<Column>
		  <Name>AppKey</Name>
		  <EventField>event_attribute_appkey</EventField>
		</Column>
		<Column>
		  <Name>ChannelId</Name>
		  <EventField>event_attribute_channelid</EventField>
		</Column>
		<Column>
		  <Name>Url</Name>
		  <EventField>event_attribute_url</EventField>
		</Column>
		<Column>
		  <Name>Attribution</Name>
		  <EventField>event_attribute_attribution</EventField>
		</Column>
	</TableMapping>	
	<TableMapping>
		<EventCode>application/sessionEnded</EventCode>
		<Table>UBX_APP_SESSIONENDED</Table>
		<Column>
		  <Name>Provider</Name>
		  <EventField>provider</EventField>
		</Column>
		<Column>
		  <Name>EndpointSource</Name>
		  <EventField>source</EventField>
		</Column>
		<Column>
		  <Name>Channel</Name>
		  <EventField>channel</EventField>
		</Column>
		<Column>
		  <Name>X1ID</Name>
		  <EventField>x1id</EventField>
		</Column>
		<Column>
		  <Name>EventCode</Name>
		  <EventField>event_code</EventField>
		</Column>
		<Column>
		  <Name>EventTimestamp</Name>
		  <EventField>event_timestamp</EventField>
		</Column>
		<Column>
		  <Name>EventNamespace</Name>
		  <EventField>event_namespace</EventField>
		</Column>
		<Column>
		  <Name>EventVersion</Name>
		  <EventField>event_version</EventField>
		</Column>
		<Column>
		  <Name>UserId</Name>
		  <EventField>identifier_userid</EventField>
		</Column>
		<Column>
		  <Name>AppKey</Name>
		  <EventField>event_attribute_appkey</EventField>
		</Column>
		<Column>
		  <Name>ChannelId</Name>
		  <EventField>event_attribute_channelid</EventField>
		</Column>
		<Column>
		  <Name>Url</Name>
		  <EventField>event_attribute_url</EventField>
		</Column>
		<Column>
		  <Name>Attribution</Name>
		  <EventField>event_attribute_attribution</EventField>
		</Column>
	</TableMapping>	
	<TableMapping>
		<EventCode>application/uiPushEnabled</EventCode>
		<Table>UBX_APP_UIPUSHENABLED</Table>
		<Column>
		  <Name>Provider</Name>
		  <EventField>provider</EventField>
		</Column>
		<Column>
		  <Name>EndpointSource</Name>
		  <EventField>source</EventField>
		</Column>
		<Column>
		  <Name>Channel</Name>
		  <EventField>channel</EventField>
		</Column>
		<Column>
		  <Name>X1ID</Name>
		  <EventField>x1id</EventField>
		</Column>
		<Column>
		  <Name>EventCode</Name>
		  <EventField>event_code</EventField>
		</Column>
		<Column>
		  <Name>EventTimestamp</Name>
		  <EventField>event_timestamp</EventField>
		</Column>
		<Column>
		  <Name>EventNamespace</Name>
		  <EventField>event_namespace</EventField>
		</Column>
		<Column>
		  <Name>EventVersion</Name>
		  <EventField>event_version</EventField>
		</Column>
		<Column>
		  <Name>UserId</Name>
		  <EventField>identifier_userid</EventField>
		</Column>
		<Column>
		  <Name>AppKey</Name>
		  <EventField>event_attribute_appkey</EventField>
		</Column>
		<Column>
		  <Name>ChannelId</Name>
		  <EventField>event_attribute_channelid</EventField>
		</Column>
		<Column>
		  <Name>Url</Name>
		  <EventField>event_attribute_url</EventField>
		</Column>
		<Column>
		  <Name>Attribution</Name>
		  <EventField>event_attribute_attribution</EventField>
		</Column>
	</TableMapping>	
	<TableMapping>
		<EventCode>application/uiPushDisabled</EventCode>
		<Table>UBX_APP_UIPUSHDISABLED</Table>
		<Column>
		  <Name>Provider</Name>
		  <EventField>provider</EventField>
		</Column>
		<Column>
		  <Name>EndpointSource</Name>
		  <EventField>source</EventField>
		</Column>
		<Column>
		  <Name>Channel</Name>
		  <EventField>channel</EventField>
		</Column>
		<Column>
		  <Name>X1ID</Name>
		  <EventField>x1id</EventField>
		</Column>
		<Column>
		  <Name>EventCode</Name>
		  <EventField>event_code</EventField>
		</Column>
		<Column>
		  <Name>EventTimestamp</Name>
		  <EventField>event_timestamp</EventField>
		</Column>
		<Column>
		  <Name>EventNamespace</Name>
		  <EventField>event_namespace</EventField>
		</Column>
		<Column>
		  <Name>EventVersion</Name>
		  <EventField>event_version</EventField>
		</Column>
		<Column>
		  <Name>UserId</Name>
		  <EventField>identifier_userid</EventField>
		</Column>
		<Column>
		  <Name>AppKey</Name>
		  <EventField>event_attribute_appkey</EventField>
		</Column>
		<Column>
		  <Name>ChannelId</Name>
		  <EventField>event_attribute_channelid</EventField>
		</Column>
		<Column>
		  <Name>Url</Name>
		  <EventField>event_attribute_url</EventField>
		</Column>
		<Column>
		  <Name>Attribution</Name>
		  <EventField>event_attribute_attribution</EventField>
		</Column>
	</TableMapping>	
	<TableMapping>
		<EventCode>simpleNotification/appOpened</EventCode>
		<Table>UBX_SIMPNOT_APPOPENED</Table>
		<Column>
		  <Name>Provider</Name>
		  <EventField>provider</EventField>
		</Column>
		<Column>
		  <Name>EndpointSource</Name>
		  <EventField>source</EventField>
		</Column>
		<Column>
		  <Name>Channel</Name>
		  <EventField>channel</EventField>
		</Column>
		<Column>
		  <Name>X1ID</Name>
		  <EventField>x1id</EventField>
		</Column>
		<Column>
		  <Name>EventCode</Name>
		  <EventField>event_code</EventField>
		</Column>
		<Column>
		  <Name>EventTimestamp</Name>
		  <EventField>event_timestamp</EventField>
		</Column>
		<Column>
		  <Name>EventNamespace</Name>
		  <EventField>event_namespace</EventField>
		</Column>
		<Column>
		  <Name>EventVersion</Name>
		  <EventField>event_version</EventField>
		</Column>
		<Column>
		  <Name>UserId</Name>
		  <EventField>identifier_userid</EventField>
		</Column>
		<Column>
		  <Name>AppKey</Name>
		  <EventField>event_attribute_appkey</EventField>
		</Column>
		<Column>
		  <Name>ChannelId</Name>
		  <EventField>event_attribute_channelid</EventField>
		</Column>
		<Column>
		  <Name>Url</Name>
		  <EventField>event_attribute_url</EventField>
		</Column>
		<Column>
		  <Name>Attribution</Name>
		  <EventField>event_attribute_attribution</EventField>
		</Column>
	</TableMapping>		
	<TableMapping>
		<EventCode>simpleNotification/urlClicked</EventCode>
		<Table>UBX_SIMPNOT_URLCLICKED</Table>
		<Column>
		  <Name>Provider</Name>
		  <EventField>provider</EventField>
		</Column>
		<Column>
		  <Name>EndpointSource</Name>
		  <EventField>source</EventField>
		</Column>
		<Column>
		  <Name>Channel</Name>
		  <EventField>channel</EventField>
		</Column>
		<Column>
		  <Name>X1ID</Name>
		  <EventField>x1id</EventField>
		</Column>
		<Column>
		  <Name>EventCode</Name>
		  <EventField>event_code</EventField>
		</Column>
		<Column>
		  <Name>EventTimestamp</Name>
		  <EventField>event_timestamp</EventField>
		</Column>
		<Column>
		  <Name>EventNamespace</Name>
		  <EventField>event_namespace</EventField>
		</Column>
		<Column>
		  <Name>EventVersion</Name>
		  <EventField>event_version</EventField>
		</Column>
		<Column>
		  <Name>UserId</Name>
		  <EventField>identifier_userid</EventField>
		</Column>
		<Column>
		  <Name>AppKey</Name>
		  <EventField>event_attribute_appkey</EventField>
		</Column>
		<Column>
		  <Name>ChannelId</Name>
		  <EventField>event_attribute_channelid</EventField>
		</Column>
		<Column>
		  <Name>Url</Name>
		  <EventField>event_attribute_url</EventField>
		</Column>
		<Column>
		  <Name>Attribution</Name>
		  <EventField>event_attribute_attribution</EventField>
		</Column>
	</TableMapping>	
	
	<!--Aggregate events support starts-->
	<!-- flood -->
	<TableMapping>
		<EventCode>flood</EventCode>
		<Table>UBX_WFX_EVENTS</Table>
		<Column>
			<Name>Provider</Name>
			<EventField>provider</EventField>
		</Column>
		<Column>
			<Name>EndpointSource</Name>
			<EventField>source</EventField>
		</Column>
		<Column>
			<Name>Channel</Name>
			<EventField>channel</EventField>
		</Column>
		<Column>
			<Name>X1ID</Name>
			<EventField>x1id</EventField>
		</Column>
		<Column>
			<Name>EventCode</Name>
			<EventField>event_code</EventField>
		</Column>
		<Column>
			<Name>EventTimeStamp</Name>
			<EventField>event_timestamp</EventField>
		</Column>
		<Column>
			<Name>EventNameSpace</Name>
			<EventField>event_namespace</EventField>
		</Column>
		<Column>
			<Name>EventVersion</Name>
			<EventField>event_version</EventField>
		</Column>
		<Column>
			<Name>PostalCode</Name>
			<EventField>event_attribute_postalcode</EventField>
		</Column>
		<Column>
			<Name>CountryCode</Name>
			<EventField>event_attribute_countrycode</EventField>
		</Column>
		<Column>
			<Name>CurrentDay</Name>
			<EventField>event_attribute_currentday</EventField>
			<EventFieldType>number</EventFieldType>
		</Column>
		<Column>
			<Name>ForecastDay0</Name>
			<EventField>event_attribute_forecastday0</EventField>
			<EventFieldType>number</EventFieldType>
		</Column>
		<Column>
			<Name>ForecastDay1</Name>
			<EventField>event_attribute_forecastday1</EventField>
			<EventFieldType>number</EventFieldType>
		</Column>
		<Column>
			<Name>ForecastDay2</Name>
			<EventField>event_attribute_forecastday2</EventField>
			<EventFieldType>number</EventFieldType>
		</Column>
		<Column>
			<Name>ForecastDay3</Name>
			<EventField>event_attribute_forecastday3</EventField>
			<EventFieldType>number</EventFieldType>
		</Column>
		<Column>
			<Name>ForecastDay4</Name>
			<EventField>event_attribute_forecastday4</EventField>
			<EventFieldType>number</EventFieldType>
		</Column>
		<Column>
			<Name>ForecastDay5</Name>
			<EventField>event_attribute_forecastday5</EventField>
			<EventFieldType>number</EventFieldType>
		</Column>
		<Column>
			<Name>ForecastDay6</Name>
			<EventField>event_attribute_forecastday6</EventField>
			<EventFieldType>number</EventFieldType>
		</Column>
		<Column>
			<Name>ForecastDay7</Name>
			<EventField>event_attribute_forecastday7</EventField>
			<EventFieldType>number</EventFieldType>
		</Column>
		<Column>
			<Name>ForecastDay8</Name>
			<EventField>event_attribute_forecastday8</EventField>
			<EventFieldType>number</EventFieldType>
		</Column>
				
    </TableMapping>
    
	<!-- hail -->
	<TableMapping>
		<EventCode>hail</EventCode>
		<Table>UBX_WFX_EVENTS</Table>
		<Column>
			<Name>Provider</Name>
			<EventField>provider</EventField>
		</Column>
		<Column>
			<Name>EndpointSource</Name>
			<EventField>source</EventField>
		</Column>
		<Column>
			<Name>Channel</Name>
			<EventField>channel</EventField>
		</Column>
		<Column>
			<Name>X1ID</Name>
			<EventField>x1id</EventField>
		</Column>
		<Column>
			<Name>EventCode</Name>
			<EventField>event_code</EventField>
		</Column>
		<Column>
			<Name>EventTimeStamp</Name>
			<EventField>event_timestamp</EventField>
		</Column>
		<Column>
			<Name>EventNameSpace</Name>
			<EventField>event_namespace</EventField>
		</Column>
		<Column>
			<Name>EventVersion</Name>
			<EventField>event_version</EventField>
		</Column>
		<Column>
			<Name>PostalCode</Name>
			<EventField>event_attribute_postalcode</EventField>
		</Column>
		<Column>
			<Name>CountryCode</Name>
			<EventField>event_attribute_countrycode</EventField>
		</Column>
		<Column>
			<Name>CurrentDay</Name>
			<EventField>event_attribute_currentday</EventField>
			<EventFieldType>number</EventFieldType>
		</Column>
		<Column>
			<Name>ForecastDay0</Name>
			<EventField>event_attribute_forecastday0</EventField>
			<EventFieldType>number</EventFieldType>
		</Column>
		<Column>
			<Name>ForecastDay1</Name>
			<EventField>event_attribute_forecastday1</EventField>
			<EventFieldType>number</EventFieldType>
		</Column>
		<Column>
			<Name>ForecastDay2</Name>
			<EventField>event_attribute_forecastday2</EventField>
			<EventFieldType>number</EventFieldType>
		</Column>
		<Column>
			<Name>ForecastDay3</Name>
			<EventField>event_attribute_forecastday3</EventField>
			<EventFieldType>number</EventFieldType>
		</Column>
		<Column>
			<Name>ForecastDay4</Name>
			<EventField>event_attribute_forecastday4</EventField>
			<EventFieldType>number</EventFieldType>
		</Column>
		<Column>
			<Name>ForecastDay5</Name>
			<EventField>event_attribute_forecastday5</EventField>
			<EventFieldType>number</EventFieldType>
		</Column>
		<Column>
			<Name>ForecastDay6</Name>
			<EventField>event_attribute_forecastday6</EventField>
			<EventFieldType>number</EventFieldType>
		</Column>
		<Column>
			<Name>ForecastDay7</Name>
			<EventField>event_attribute_forecastday7</EventField>
			<EventFieldType>number</EventFieldType>
		</Column>
		<Column>
			<Name>ForecastDay8</Name>
			<EventField>event_attribute_forecastday8</EventField>
			<EventFieldType>number</EventFieldType>
		</Column>
				
    </TableMapping>
    
    <!-- heavyRain -->
	<TableMapping>
		<EventCode>heavyRain</EventCode>
		<Table>UBX_WFX_EVENTS</Table>
		<Column>
			<Name>Provider</Name>
			<EventField>provider</EventField>
		</Column>
		<Column>
			<Name>EndpointSource</Name>
			<EventField>source</EventField>
		</Column>
		<Column>
			<Name>Channel</Name>
			<EventField>channel</EventField>
		</Column>
		<Column>
			<Name>X1ID</Name>
			<EventField>x1id</EventField>
		</Column>
		<Column>
			<Name>EventCode</Name>
			<EventField>event_code</EventField>
		</Column>
		<Column>
			<Name>EventTimeStamp</Name>
			<EventField>event_timestamp</EventField>
		</Column>
		<Column>
			<Name>EventNameSpace</Name>
			<EventField>event_namespace</EventField>
		</Column>
		<Column>
			<Name>EventVersion</Name>
			<EventField>event_version</EventField>
		</Column>
		<Column>
			<Name>PostalCode</Name>
			<EventField>event_attribute_postalcode</EventField>
		</Column>
		<Column>
			<Name>CountryCode</Name>
			<EventField>event_attribute_countrycode</EventField>
		</Column>
		<Column>
			<Name>CurrentDay</Name>
			<EventField>event_attribute_currentday</EventField>
			<EventFieldType>number</EventFieldType>
		</Column>
		<Column>
			<Name>ForecastDay0</Name>
			<EventField>event_attribute_forecastday0</EventField>
			<EventFieldType>number</EventFieldType>
		</Column>
		<Column>
			<Name>ForecastDay1</Name>
			<EventField>event_attribute_forecastday1</EventField>
			<EventFieldType>number</EventFieldType>
		</Column>
		<Column>
			<Name>ForecastDay2</Name>
			<EventField>event_attribute_forecastday2</EventField>
			<EventFieldType>number</EventFieldType>
		</Column>
		<Column>
			<Name>ForecastDay3</Name>
			<EventField>event_attribute_forecastday3</EventField>
			<EventFieldType>number</EventFieldType>
		</Column>
		<Column>
			<Name>ForecastDay4</Name>
			<EventField>event_attribute_forecastday4</EventField>
			<EventFieldType>number</EventFieldType>
		</Column>
		<Column>
			<Name>ForecastDay5</Name>
			<EventField>event_attribute_forecastday5</EventField>
			<EventFieldType>number</EventFieldType>
		</Column>
		<Column>
			<Name>ForecastDay6</Name>
			<EventField>event_attribute_forecastday6</EventField>
			<EventFieldType>number</EventFieldType>
		</Column>
		<Column>
			<Name>ForecastDay7</Name>
			<EventField>event_attribute_forecastday7</EventField>
			<EventFieldType>number</EventFieldType>
		</Column>
		<Column>
			<Name>ForecastDay8</Name>
			<EventField>event_attribute_forecastday8</EventField>
			<EventFieldType>number</EventFieldType>
		</Column>
				
    </TableMapping>
    <!-- heavySnow -->
	<TableMapping>
		<EventCode>heavySnow</EventCode>
		<Table>UBX_WFX_EVENTS</Table>
		<Column>
			<Name>Provider</Name>
			<EventField>provider</EventField>
		</Column>
		<Column>
			<Name>EndpointSource</Name>
			<EventField>source</EventField>
		</Column>
		<Column>
			<Name>Channel</Name>
			<EventField>channel</EventField>
		</Column>
		<Column>
			<Name>X1ID</Name>
			<EventField>x1id</EventField>
		</Column>
		<Column>
			<Name>EventCode</Name>
			<EventField>event_code</EventField>
		</Column>
		<Column>
			<Name>EventTimeStamp</Name>
			<EventField>event_timestamp</EventField>
		</Column>
		<Column>
			<Name>EventNameSpace</Name>
			<EventField>event_namespace</EventField>
		</Column>
		<Column>
			<Name>EventVersion</Name>
			<EventField>event_version</EventField>
		</Column>
		<Column>
			<Name>PostalCode</Name>
			<EventField>event_attribute_postalcode</EventField>
		</Column>
		<Column>
			<Name>CountryCode</Name>
			<EventField>event_attribute_countrycode</EventField>
		</Column>
		<Column>
			<Name>CurrentDay</Name>
			<EventField>event_attribute_currentday</EventField>
			<EventFieldType>number</EventFieldType>
		</Column>
		<Column>
			<Name>ForecastDay0</Name>
			<EventField>event_attribute_forecastday0</EventField>
			<EventFieldType>number</EventFieldType>
		</Column>
		<Column>
			<Name>ForecastDay1</Name>
			<EventField>event_attribute_forecastday1</EventField>
			<EventFieldType>number</EventFieldType>
		</Column>
		<Column>
			<Name>ForecastDay2</Name>
			<EventField>event_attribute_forecastday2</EventField>
			<EventFieldType>number</EventFieldType>
		</Column>
		<Column>
			<Name>ForecastDay3</Name>
			<EventField>event_attribute_forecastday3</EventField>
			<EventFieldType>number</EventFieldType>
		</Column>
		<Column>
			<Name>ForecastDay4</Name>
			<EventField>event_attribute_forecastday4</EventField>
			<EventFieldType>number</EventFieldType>
		</Column>
		<Column>
			<Name>ForecastDay5</Name>
			<EventField>event_attribute_forecastday5</EventField>
			<EventFieldType>number</EventFieldType>
		</Column>
		<Column>
			<Name>ForecastDay6</Name>
			<EventField>event_attribute_forecastday6</EventField>
			<EventFieldType>number</EventFieldType>
		</Column>
		<Column>
			<Name>ForecastDay7</Name>
			<EventField>event_attribute_forecastday7</EventField>
			<EventFieldType>number</EventFieldType>
		</Column>
		<Column>
			<Name>ForecastDay8</Name>
			<EventField>event_attribute_forecastday8</EventField>
			<EventFieldType>number</EventFieldType>
		</Column>
				
    </TableMapping>
    
    <!-- inclementWeather -->
	<TableMapping>
		<EventCode>inclementWeather</EventCode>
		<Table>UBX_WFX_EVENTS</Table>
		<Column>
			<Name>Provider</Name>
			<EventField>provider</EventField>
		</Column>
		<Column>
			<Name>EndpointSource</Name>
			<EventField>source</EventField>
		</Column>
		<Column>
			<Name>Channel</Name>
			<EventField>channel</EventField>
		</Column>
		<Column>
			<Name>X1ID</Name>
			<EventField>x1id</EventField>
		</Column>
		<Column>
			<Name>EventCode</Name>
			<EventField>event_code</EventField>
		</Column>
		<Column>
			<Name>EventTimeStamp</Name>
			<EventField>event_timestamp</EventField>
		</Column>
		<Column>
			<Name>EventNameSpace</Name>
			<EventField>event_namespace</EventField>
		</Column>
		<Column>
			<Name>EventVersion</Name>
			<EventField>event_version</EventField>
		</Column>
		<Column>
			<Name>PostalCode</Name>
			<EventField>event_attribute_postalcode</EventField>
		</Column>
		<Column>
			<Name>CountryCode</Name>
			<EventField>event_attribute_countrycode</EventField>
		</Column>
		<Column>
			<Name>CurrentDay</Name>
			<EventField>event_attribute_currentday</EventField>
			<EventFieldType>number</EventFieldType>
		</Column>
		<Column>
			<Name>ForecastDay0</Name>
			<EventField>event_attribute_forecastday0</EventField>
			<EventFieldType>number</EventFieldType>
		</Column>
		<Column>
			<Name>ForecastDay1</Name>
			<EventField>event_attribute_forecastday1</EventField>
			<EventFieldType>number</EventFieldType>
		</Column>
		<Column>
			<Name>ForecastDay2</Name>
			<EventField>event_attribute_forecastday2</EventField>
			<EventFieldType>number</EventFieldType>
		</Column>
		<Column>
			<Name>ForecastDay3</Name>
			<EventField>event_attribute_forecastday3</EventField>
			<EventFieldType>number</EventFieldType>
		</Column>
		<Column>
			<Name>ForecastDay4</Name>
			<EventField>event_attribute_forecastday4</EventField>
			<EventFieldType>number</EventFieldType>
		</Column>
		<Column>
			<Name>ForecastDay5</Name>
			<EventField>event_attribute_forecastday5</EventField>
			<EventFieldType>number</EventFieldType>
		</Column>
		<Column>
			<Name>ForecastDay6</Name>
			<EventField>event_attribute_forecastday6</EventField>
			<EventFieldType>number</EventFieldType>
		</Column>
		<Column>
			<Name>ForecastDay7</Name>
			<EventField>event_attribute_forecastday7</EventField>
			<EventFieldType>number</EventFieldType>
		</Column>
		<Column>
			<Name>ForecastDay8</Name>
			<EventField>event_attribute_forecastday8</EventField>
			<EventFieldType>number</EventFieldType>
		</Column>
				
    </TableMapping>
    
    <!-- severeThunderstorms -->
	<TableMapping>
		<EventCode>severeThunderstorms</EventCode>
		<Table>UBX_WFX_EVENTS</Table>
		<Column>
			<Name>Provider</Name>
			<EventField>provider</EventField>
		</Column>
		<Column>
			<Name>EndpointSource</Name>
			<EventField>source</EventField>
		</Column>
		<Column>
			<Name>Channel</Name>
			<EventField>channel</EventField>
		</Column>
		<Column>
			<Name>X1ID</Name>
			<EventField>x1id</EventField>
		</Column>
		<Column>
			<Name>EventCode</Name>
			<EventField>event_code</EventField>
		</Column>
		<Column>
			<Name>EventTimeStamp</Name>
			<EventField>event_timestamp</EventField>
		</Column>
		<Column>
			<Name>EventNameSpace</Name>
			<EventField>event_namespace</EventField>
		</Column>
		<Column>
			<Name>EventVersion</Name>
			<EventField>event_version</EventField>
		</Column>
		<Column>
			<Name>PostalCode</Name>
			<EventField>event_attribute_postalcode</EventField>
		</Column>
		<Column>
			<Name>CountryCode</Name>
			<EventField>event_attribute_countrycode</EventField>
		</Column>
		<Column>
			<Name>CurrentDay</Name>
			<EventField>event_attribute_currentday</EventField>
			<EventFieldType>number</EventFieldType>
		</Column>
		<Column>
			<Name>ForecastDay0</Name>
			<EventField>event_attribute_forecastday0</EventField>
			<EventFieldType>number</EventFieldType>
		</Column>
		<Column>
			<Name>ForecastDay1</Name>
			<EventField>event_attribute_forecastday1</EventField>
			<EventFieldType>number</EventFieldType>
		</Column>
		<Column>
			<Name>ForecastDay2</Name>
			<EventField>event_attribute_forecastday2</EventField>
			<EventFieldType>number</EventFieldType>
		</Column>
		<Column>
			<Name>ForecastDay3</Name>
			<EventField>event_attribute_forecastday3</EventField>
			<EventFieldType>number</EventFieldType>
		</Column>
		<Column>
			<Name>ForecastDay4</Name>
			<EventField>event_attribute_forecastday4</EventField>
			<EventFieldType>number</EventFieldType>
		</Column>
		<Column>
			<Name>ForecastDay5</Name>
			<EventField>event_attribute_forecastday5</EventField>
			<EventFieldType>number</EventFieldType>
		</Column>
		<Column>
			<Name>ForecastDay6</Name>
			<EventField>event_attribute_forecastday6</EventField>
			<EventFieldType>number</EventFieldType>
		</Column>
		<Column>
			<Name>ForecastDay7</Name>
			<EventField>event_attribute_forecastday7</EventField>
			<EventFieldType>number</EventFieldType>
		</Column>
		<Column>
			<Name>ForecastDay8</Name>
			<EventField>event_attribute_forecastday8</EventField>
			<EventFieldType>number</EventFieldType>
		</Column>
    </TableMapping>
    
    <!-- severeWinter -->
	<TableMapping>
		<EventCode>severeWinter</EventCode>
		<Table>UBX_WFX_EVENTS</Table>
		<Column>
			<Name>Provider</Name>
			<EventField>provider</EventField>
		</Column>
		<Column>
			<Name>EndpointSource</Name>
			<EventField>source</EventField>
		</Column>
		<Column>
			<Name>Channel</Name>
			<EventField>channel</EventField>
		</Column>
		<Column>
			<Name>X1ID</Name>
			<EventField>x1id</EventField>
		</Column>
		<Column>
			<Name>EventCode</Name>
			<EventField>event_code</EventField>
		</Column>
		<Column>
			<Name>EventTimeStamp</Name>
			<EventField>event_timestamp</EventField>
		</Column>
		<Column>
			<Name>EventNameSpace</Name>
			<EventField>event_namespace</EventField>
		</Column>
		<Column>
			<Name>EventVersion</Name>
			<EventField>event_version</EventField>
		</Column>
		<Column>
			<Name>PostalCode</Name>
			<EventField>event_attribute_postalcode</EventField>
		</Column>
		<Column>
			<Name>CountryCode</Name>
			<EventField>event_attribute_countrycode</EventField>
		</Column>
		<Column>
			<Name>CurrentDay</Name>
			<EventField>event_attribute_currentday</EventField>
			<EventFieldType>number</EventFieldType>
		</Column>
		<Column>
			<Name>ForecastDay0</Name>
			<EventField>event_attribute_forecastday0</EventField>
			<EventFieldType>number</EventFieldType>
		</Column>
		<Column>
			<Name>ForecastDay1</Name>
			<EventField>event_attribute_forecastday1</EventField>
			<EventFieldType>number</EventFieldType>
		</Column>
		<Column>
			<Name>ForecastDay2</Name>
			<EventField>event_attribute_forecastday2</EventField>
			<EventFieldType>number</EventFieldType>
		</Column>
		<Column>
			<Name>ForecastDay3</Name>
			<EventField>event_attribute_forecastday3</EventField>
			<EventFieldType>number</EventFieldType>
		</Column>
		<Column>
			<Name>ForecastDay4</Name>
			<EventField>event_attribute_forecastday4</EventField>
			<EventFieldType>number</EventFieldType>
		</Column>
		<Column>
			<Name>ForecastDay5</Name>
			<EventField>event_attribute_forecastday5</EventField>
			<EventFieldType>number</EventFieldType>
		</Column>
		<Column>
			<Name>ForecastDay6</Name>
			<EventField>event_attribute_forecastday6</EventField>
			<EventFieldType>number</EventFieldType>
		</Column>
		<Column>
			<Name>ForecastDay7</Name>
			<EventField>event_attribute_forecastday7</EventField>
			<EventFieldType>number</EventFieldType>
		</Column>
		<Column>
			<Name>ForecastDay8</Name>
			<EventField>event_attribute_forecastday8</EventField>
			<EventFieldType>number</EventFieldType>
		</Column>
    </TableMapping>
    <!-- veryCold -->
	<TableMapping>
		<EventCode>veryCold</EventCode>
		<Table>UBX_WFX_EVENTS</Table>
		<Column>
			<Name>Provider</Name>
			<EventField>provider</EventField>
		</Column>
		<Column>
			<Name>EndpointSource</Name>
			<EventField>source</EventField>
		</Column>
		<Column>
			<Name>Channel</Name>
			<EventField>channel</EventField>
		</Column>
		<Column>
			<Name>X1ID</Name>
			<EventField>x1id</EventField>
		</Column>
		<Column>
			<Name>EventCode</Name>
			<EventField>event_code</EventField>
		</Column>
		<Column>
			<Name>EventTimeStamp</Name>
			<EventField>event_timestamp</EventField>
		</Column>
		<Column>
			<Name>EventNameSpace</Name>
			<EventField>event_namespace</EventField>
		</Column>
		<Column>
			<Name>EventVersion</Name>
			<EventField>event_version</EventField>
		</Column>
		<Column>
			<Name>PostalCode</Name>
			<EventField>event_attribute_postalcode</EventField>
		</Column>
		<Column>
			<Name>CountryCode</Name>
			<EventField>event_attribute_countrycode</EventField>
		</Column>
		<Column>
			<Name>CurrentDay</Name>
			<EventField>event_attribute_currentday</EventField>
			<EventFieldType>number</EventFieldType>
		</Column>
		<Column>
			<Name>ForecastDay0</Name>
			<EventField>event_attribute_forecastday0</EventField>
			<EventFieldType>number</EventFieldType>
		</Column>
		<Column>
			<Name>ForecastDay1</Name>
			<EventField>event_attribute_forecastday1</EventField>
			<EventFieldType>number</EventFieldType>
		</Column>
		<Column>
			<Name>ForecastDay2</Name>
			<EventField>event_attribute_forecastday2</EventField>
			<EventFieldType>number</EventFieldType>
		</Column>
		<Column>
			<Name>ForecastDay3</Name>
			<EventField>event_attribute_forecastday3</EventField>
			<EventFieldType>number</EventFieldType>
		</Column>
		<Column>
			<Name>ForecastDay4</Name>
			<EventField>event_attribute_forecastday4</EventField>
			<EventFieldType>number</EventFieldType>
		</Column>
		<Column>
			<Name>ForecastDay5</Name>
			<EventField>event_attribute_forecastday5</EventField>
			<EventFieldType>number</EventFieldType>
		</Column>
		<Column>
			<Name>ForecastDay6</Name>
			<EventField>event_attribute_forecastday6</EventField>
			<EventFieldType>number</EventFieldType>
		</Column>
		<Column>
			<Name>ForecastDay7</Name>
			<EventField>event_attribute_forecastday7</EventField>
			<EventFieldType>number</EventFieldType>
		</Column>
		<Column>
			<Name>ForecastDay8</Name>
			<EventField>event_attribute_forecastday8</EventField>
			<EventFieldType>number</EventFieldType>
		</Column>
    </TableMapping>
    <!-- veryHot -->
	<TableMapping>
		<EventCode>veryHot</EventCode>
		<Table>UBX_WFX_EVENTS</Table>
		<Column>
			<Name>Provider</Name>
			<EventField>provider</EventField>
		</Column>
		<Column>
			<Name>EndpointSource</Name>
			<EventField>source</EventField>
		</Column>
		<Column>
			<Name>Channel</Name>
			<EventField>channel</EventField>
		</Column>
		<Column>
			<Name>X1ID</Name>
			<EventField>x1id</EventField>
		</Column>
		<Column>
			<Name>EventCode</Name>
			<EventField>event_code</EventField>
		</Column>
		<Column>
			<Name>EventTimeStamp</Name>
			<EventField>event_timestamp</EventField>
		</Column>
		<Column>
			<Name>EventNameSpace</Name>
			<EventField>event_namespace</EventField>
		</Column>
		<Column>
			<Name>EventVersion</Name>
			<EventField>event_version</EventField>
		</Column>
		<Column>
			<Name>PostalCode</Name>
			<EventField>event_attribute_postalcode</EventField>
		</Column>
		<Column>
			<Name>CountryCode</Name>
			<EventField>event_attribute_countrycode</EventField>
		</Column>
		<Column>
			<Name>CurrentDay</Name>
			<EventField>event_attribute_currentday</EventField>
			<EventFieldType>number</EventFieldType>
		</Column>
		<Column>
			<Name>ForecastDay0</Name>
			<EventField>event_attribute_forecastday0</EventField>
			<EventFieldType>number</EventFieldType>
		</Column>
		<Column>
			<Name>ForecastDay1</Name>
			<EventField>event_attribute_forecastday1</EventField>
			<EventFieldType>number</EventFieldType>
		</Column>
		<Column>
			<Name>ForecastDay2</Name>
			<EventField>event_attribute_forecastday2</EventField>
			<EventFieldType>number</EventFieldType>
		</Column>
		<Column>
			<Name>ForecastDay3</Name>
			<EventField>event_attribute_forecastday3</EventField>
			<EventFieldType>number</EventFieldType>
		</Column>
		<Column>
			<Name>ForecastDay4</Name>
			<EventField>event_attribute_forecastday4</EventField>
			<EventFieldType>number</EventFieldType>
		</Column>
		<Column>
			<Name>ForecastDay5</Name>
			<EventField>event_attribute_forecastday5</EventField>
			<EventFieldType>number</EventFieldType>
		</Column>
		<Column>
			<Name>ForecastDay6</Name>
			<EventField>event_attribute_forecastday6</EventField>
			<EventFieldType>number</EventFieldType>
		</Column>
		<Column>
			<Name>ForecastDay7</Name>
			<EventField>event_attribute_forecastday7</EventField>
			<EventFieldType>number</EventFieldType>
		</Column>
		<Column>
			<Name>ForecastDay8</Name>
			<EventField>event_attribute_forecastday8</EventField>
			<EventFieldType>number</EventFieldType>
		</Column>
    </TableMapping>
    <!-- windy -->
	<TableMapping>
		<EventCode>windy</EventCode>
		<Table>UBX_WFX_EVENTS</Table>
		<Column>
			<Name>Provider</Name>
			<EventField>provider</EventField>
		</Column>
		<Column>
			<Name>EndpointSource</Name>
			<EventField>source</EventField>
		</Column>
		<Column>
			<Name>Channel</Name>
			<EventField>channel</EventField>
		</Column>
		<Column>
			<Name>X1ID</Name>
			<EventField>x1id</EventField>
		</Column>
		<Column>
			<Name>EventCode</Name>
			<EventField>event_code</EventField>
		</Column>
		<Column>
			<Name>EventTimeStamp</Name>
			<EventField>event_timestamp</EventField>
		</Column>
		<Column>
			<Name>EventNameSpace</Name>
			<EventField>event_namespace</EventField>
		</Column>
		<Column>
			<Name>EventVersion</Name>
			<EventField>event_version</EventField>
		</Column>
		<Column>
			<Name>PostalCode</Name>
			<EventField>event_attribute_postalcode</EventField>
		</Column>
		<Column>
			<Name>CountryCode</Name>
			<EventField>event_attribute_countrycode</EventField>
		</Column>
		<Column>
			<Name>CurrentDay</Name>
			<EventField>event_attribute_currentday</EventField>
			<EventFieldType>number</EventFieldType>
		</Column>
		<Column>
			<Name>ForecastDay0</Name>
			<EventField>event_attribute_forecastday0</EventField>
			<EventFieldType>number</EventFieldType>
		</Column>
		<Column>
			<Name>ForecastDay1</Name>
			<EventField>event_attribute_forecastday1</EventField>
			<EventFieldType>number</EventFieldType>
		</Column>
		<Column>
			<Name>ForecastDay2</Name>
			<EventField>event_attribute_forecastday2</EventField>
			<EventFieldType>number</EventFieldType>
		</Column>
		<Column>
			<Name>ForecastDay3</Name>
			<EventField>event_attribute_forecastday3</EventField>
			<EventFieldType>number</EventFieldType>
		</Column>
		<Column>
			<Name>ForecastDay4</Name>
			<EventField>event_attribute_forecastday4</EventField>
			<EventFieldType>number</EventFieldType>
		</Column>
		<Column>
			<Name>ForecastDay5</Name>
			<EventField>event_attribute_forecastday5</EventField>
			<EventFieldType>number</EventFieldType>
		</Column>
		<Column>
			<Name>ForecastDay6</Name>
			<EventField>event_attribute_forecastday6</EventField>
			<EventFieldType>number</EventFieldType>
		</Column>
		<Column>
			<Name>ForecastDay7</Name>
			<EventField>event_attribute_forecastday7</EventField>
			<EventFieldType>number</EventFieldType>
		</Column>
		<Column>
			<Name>ForecastDay8</Name>
			<EventField>event_attribute_forecastday8</EventField>
			<EventFieldType>number</EventFieldType>
		</Column>
    </TableMapping>
	<!--Aggregate events support ends-->
</EventToDBTableMappings>
